{
  "IcoMoonType": "selection",
  "icons": [
    {
      "icon": {
        "paths": [
          "M480 64c-265.096 0-480 214.904-480 480s214.904 480 480 480c265.098 0 480-214.902 480-480s-214.902-480-480-480zM480 928c-212.078 0-384-171.922-384-384s171.922-384 384-384c212.076 0 384 171.922 384 384s-171.924 384-384 384z",
          "M670.824 644.34c-15.27-8.884-34.862-3.708-43.75 11.57-17.256 29.662-49.088 48.090-83.074 48.090h-128c-41.716 0-77.286-26.754-90.496-64h154.496c17.672 0 32-14.326 32-32s-14.328-32-32-32h-160v-64h160c17.672 0 32-14.328 32-32s-14.328-32-32-32h-154.496c13.21-37.246 48.78-64 90.496-64h128c33.986 0 65.818 18.426 83.074 48.090 8.888 15.276 28.478 20.456 43.752 11.568 15.276-8.888 20.456-28.476 11.568-43.752-28.672-49.288-81.702-79.906-138.394-79.906h-128c-77.268 0-141.914 55.056-156.78 128h-35.22c-17.672 0-32 14.328-32 32s14.328 32 32 32h32v64h-32c-17.672 0-32 14.326-32 32s14.328 32 32 32h35.22c14.866 72.944 79.512 128 156.78 128h128c56.692 0 109.72-30.62 138.394-79.91 8.888-15.276 3.708-34.864-11.57-43.75z"
        ],
        "tags": [
          "coin-euro",
          "money",
          "cash",
          "currency-euro"
        ],
        "defaultCode": 59708,
        "grid": 16,
        "attrs": []
      },
      "attrs": [],
      "properties": {
        "ligatures": "coin-euro, money2",
        "name": "coin-euro",
        "order": 4,
        "id": 61,
        "prevSize": 32,
        "code": 59708
      },
      "setIdx": 0,
      "setId": 1,
      "iconIdx": 60
    }
  ],
  "height": 1024,
  "preferences": {
    "showGlyphs": true,
    "showQuickUse": true,
    "showQuickUse2": true,
    "showSVGs": true,
    "fontPref": {
      "prefix": "icon-",
      "metadata": {
        "fontFamily": "icomoon"
      },
      "metrics": {
        "emSize": 1024,
        "baseline": 6.25,
        "whitespace": 50
      },
      "embed": false
    },
    "imagePref": {
      "prefix": "icon-",
      "png": true,
      "useClassSelector": true,
      "color": 0,
      "bgColor": 16777215,
      "classSelector": ".icon",
      "name": "icomoon",
      "height": 32,
      "columns": 16,
      "margin": 16
    },
    "historySize": 50,
    "showCodes": true,
    "gridSize": 16
  }
}